{"cameraMode":{"drawMode":0,"name":"Shaded","section":"Shading Mode"},"sceneLighting":true,"audioPlay":false,"sceneViewState":{"m_AlwaysRefresh":false,"showFog":true,"showSkybox":true,"showFlares":true,"showImageEffects":true,"showParticleSystems":true,"showVisualEffectGraphs":true,"m_FxEnabled":true},"in2DMode":false,"pivot":{"x":-1.6362799406051636,"y":-14.170831680297852,"z":28.069032669067384},"rotation":{"x":-0.3385106325149536,"y":0.0017013453179970384,"z":-0.000528181903064251,"w":-0.9410263299942017},"size":26.0345458984375,"orthographic":false}